cName,phone,city
Kaylee Hays,541137177,Haifa
Robin Thompson,559849800,Modiin-Maccabim-Reut
Alexander Brown,580882505,Modiin-Maccabim-Reut
Ruben Dunn,596323085,Beer Sheva
Evelyn Williams,557192331,Beer Sheva
Phillip Nelson,522366682,Nazareth
William Jones,592578665,Nazareth
Mrs. Diane Reyes,559580374,Kfar Chabad
Joann Ferguson,547183837,Nazareth
Brenda Wright,560012727,Herzliya
Robin Brown,55684813,Eilat
Howard Norman,597551376,Modiin-Maccabim-Reut
Ryan Rosales,547319709,Netanya
Katie Mcneil,582523968,Eilat
Julie Dominguez,558376726,Migdal HaEmek
Jason Rhodes,536850196,Netanya
Shelly Spencer,585828117,Haifa
Tracy Montoya,57698469,Nazareth
Lori Ingram,510071854,Kfar Chabad
Courtney Hayes,590084776,Herzliya
Steve Paul,585565484,Nazareth
Marie Moody,554520614,Haifa
Alfred Galvan,548762794,Nazareth
Evelyn Martinez,568865239,Ramat Gan
Cynthia Vang,591188948,Kfar Chabad
Jason Beck,521473054,Modiin-Maccabim-Reut
Robert Harrison,54179623,Haifa
Taylor Carlson,519163535,Herzliya
Holly Valentine,581547054,Nazareth
Bobby Guerrero,591011547,Modiin-Maccabim-Reut
Judith Carter,558810561,Nazareth
Eric Williams,54670638,Nazareth
Aaron Miller,516942307,Haifa
Richard Cooper,59023909,Nazareth
Jeanette Harrison,531674763,Nazareth
Jasmine Beltran,586592295,Netanya
Riley Bryant,549167775,Haifa
Dustin Gallegos,548607028,Nazareth
Kelsey Rodriguez,551385847,Herzliya
Samantha Gardner,576134287,Rishon Lezion
Veronica King,54346684,Eilat
Curtis Williams,581214453,Beer Sheva
Jeffrey Mendez,520594121,Haifa
Dawn Mullins,591142166,Eilat
Brittany Kim,560387584,Jerusalem
Jose Allen,549790013,Migdal HaEmek
Monica Miller,549930790,Beer Sheva
Brenda Thornton,559584522,Eilat
Jonathan Glass MD,510319387,Migdal HaEmek
Jeremy Mitchell,577030477,Eilat
